id,Name,Last Name,Phone,Email,day,month,year,School,Insurance Code,Blood Type,Passports,Passport Numbers,Destination,Father Name,Father Phone,Mother Name,Mother Phone
1,Benjamin,González Hoskinson,844-845-3663,bgonzlez689@hotmail.com,12,4,2004,The Spence,8937729,O-positive,['Colombia'],0,Athens,John,689-686-3579,Patricia,577-010-1218
2,Bianca,Rodríguez Mayon,204-346-1915,brodrguez415@hotmail.com,13,2,2005,The Foxcroft,7112005,O-positive,['Colombia'],0,Madrid,Robert,413-586-0809,Linda,114-301-1538
3,Ricardo,Fernández Arguello,677-264-6458,rfernndez254@hotmail.com,15,2,2005,The Spence,6153881,A-negative,['Colombia'],0,Athens,Michael,391-025-8402,Barbara,165-268-7867
4,Elvira,López Ashbaugh,642-742-2518,elpez620@hotmail.com,23,2,2003,The Lawrenceville,3963205,O-positive,['Colombia'],0,Madrid,William,187-383-6040,Elizabeth,416-495-5268
5,Shani,Martínez Wymer,761-419-3480,smartnez803@hotmail.com,2,10,2003,Forman,8097690,B-negative,['Colombia'],0,Athens,David,607-466-1932,Jennifer,640-636-4644
6,Jalisa,Sánchez Lamore,160-255-1137,jsnchez826@hotmail.com,8,10,2005,Trinity,6304711,B-negative,['Colombia'],0,Madrid,Richard,835-807-4857,Maria,847-157-4594
7,Shakita,Pérez Sheffler,145-233-9747,sprez724@hotmail.com,3,3,2004,The Foxcroft,1043964,B-negative,['Colombia'],0,Dubai,Charles,325-499-6753,Susan,740-584-5317
8,Cristal,Gómez Mcgruder,781-445-1042,cgmez661@hotmail.com,19,10,2004,The Spence,5125807,O-negative,['Colombia'],0,Dubai,Joseph,474-405-2862,Margaret,273-763-8263
9,Eda,Martin Schmid,483-541-3533,emartin139@hotmail.com,1,5,2004,The Spence,9336777,B-positive,['Colombia'],0,Madrid,Thomas,433-150-2138,Dorothy,565-651-8632
10,Lulu,Jiménez Lundstrom,420-887-3016,ljimnez640@hotmail.com,20,6,2005,Concord Academy,6913280,O-positive,['Colombia'],0,Madrid,Christopher,273-435-1308,Lisa,203-623-2272
11,Palma,Ruiz Brouillard,764-208-2595,pruiz494@hotmail.com,12,10,2003,Trinity,6028681,A-negative,['Colombia'],0,Athens,Daniel,690-703-0627,Nancy,272-199-2895
12,Leigh,Hernández Bigham,775-406-0867,lhernndez647@hotmail.com,25,7,2004,Concord Academy,7889819,AB-negative,['Colombia'],0,Madrid,Paul,675-681-5723,Karen,358-685-2305
13,Chong,Diaz Mcavoy,755-616-3635,cdiaz255@hotmail.com,31,6,2003,The Lawrenceville,1585150,A-negative,['Colombia'],0,Dubai,Mark,412-069-3696,Betty,264-753-0960
14,Williams,Moreno Limberg,119-696-3628,wmoreno160@hotmail.com,26,8,2004,Riverdale Country,6371070,AB-positive,"['Colombia', 'Italia']",0,Dubai,Donald,636-724-0764,Helen,897-640-5335
15,Romana,Muñoz Manwaring,859-221-2137,rmuoz444@hotmail.com,7,5,2003,The Lawrenceville,6489512,O-positive,['Colombia'],0,Madrid,George,742-376-4810,Sandra,850-403-8230
16,Danyell,Álvarez Reliford,424-886-4528,dlvarez693@hotmail.com,7,1,2005,The Spence,4138797,AB-positive,"['Colombia', 'Italia']",0,Madrid,Kenneth,721-453-7180,Donna,568-268-8036
17,Gertha,Romero Segundo,981-279-2655,gromero557@hotmail.com,13,10,2003,Forman,2620111,A-positive,"['Colombia', 'Italia']",0,Dubai,Steven,107-282-9554,Carol,174-366-8402
18,Leonora,Alonso Battin,809-676-7589,lalonso159@hotmail.com,26,8,2005,The Lawrenceville,9558632,AB-negative,['Colombia'],0,Athens,Edward,764-786-7973,Ruth,756-852-4633
19,Marg,Gutiérrez Hardnett,333-490-0842,mgutirrez909@hotmail.com,17,10,2005,The Spence,4548722,AB-positive,['Colombia'],0,Madrid,Brian,166-309-3865,Sharon,168-161-2160
20,Jami,Navarro Ruffo,297-843-1432,jnavarro968@hotmail.com,26,4,2004,Trinity,8108930,A-negative,['Colombia'],0,Madrid,Ronald,450-094-4127,Michelle,316-252-5178
21,Huey,Torres Friberg,443-696-9383,htorres234@hotmail.com,20,5,2004,The Foxcroft,8976341,AB-negative,['Colombia'],0,Madrid,Anthony,956-380-4367,Laura,903-477-3512
22,Loren,Domínguez Huerta,531-286-5607,ldomnguez815@hotmail.com,25,10,2004,The Spence,8612349,B-positive,['Colombia'],0,Athens,Kevin,534-669-6300,Sarah,527-468-1054
23,Zetta,Vázquez Ertel,780-820-2250,zvzquez321@hotmail.com,24,1,2003,The Spence,8659837,O-positive,['Colombia'],0,Athens,Jason,896-007-6759,Kimberly,972-811-6929
24,Joni,Ramos Seigel,205-631-6014,jramos422@hotmail.com,2,8,2004,The Foxcroft,7570204,A-positive,['Colombia'],0,Dubai,Matthew,322-785-6373,Deborah,688-552-6316
25,Jeromy,Gil Trosclair,853-425-7363,jgil719@hotmail.com,28,6,2005,The Foxcroft,9618869,A-negative,['Colombia'],0,Athens,Gary,834-571-5468,Jessica,857-004-7207
26,Orville,Ramírez Tsao,328-735-2613,oramrez744@hotmail.com,17,8,2005,Trinity,8040017,A-negative,['Colombia'],0,Madrid,Timothy,556-845-7026,Shirley,619-478-9289
27,Jerold,Serrano Stodola,518-599-0733,jserrano22@hotmail.com,23,8,2003,The Lawrenceville,4129321,B-negative,['Colombia'],0,Madrid,Jose,160-692-3091,Cynthia,531-006-4377
28,Bee,Blanco Mensch,877-499-5347,bblanco1@hotmail.com,29,10,2005,The Lawrenceville,1542684,A-positive,['Colombia'],0,Dubai,Larry,523-787-8700,Angela,646-141-5922
29,Effie,Molina Brakefield,463-616-1021,emolina967@hotmail.com,9,1,2005,Trinity,8054580,B-negative,['Colombia'],0,Madrid,Jeffrey,144-640-0938,Melissa,766-623-9261
30,Florentina,Morales Tyrell,877-772-8892,fmorales390@hotmail.com,28,4,2005,Trinity,6633632,A-positive,['Colombia'],0,Athens,Frank,725-100-5864,Brenda,267-235-4954
31,Marketta,Suarez Doxey,554-814-9657,msuarez354@hotmail.com,19,12,2005,Concord Academy,9139315,A-negative,['Colombia'],0,Athens,Scott,920-240-1334,Amy,509-256-2525
32,Norah,Ortega Seifert,598-158-2294,nortega40@hotmail.com,13,4,2004,The Lawrenceville,1424810,B-positive,['Colombia'],0,Madrid,Eric,791-851-5325,Anna,894-697-3865
33,Amada,Delgado Prock,347-200-2407,adelgado451@hotmail.com,2,8,2003,The Spence,8577233,O-negative,['Colombia'],0,Athens,Stephen,373-220-8497,Rebecca,606-658-2984
34,Rebekah,Castro Bara,149-096-7110,rcastro814@hotmail.com,24,1,2005,Riverdale Country,4299813,O-negative,['Colombia'],0,Madrid,Andrew,546-193-9129,Virginia,832-734-6925
35,Janay,Ortiz Gearing,918-184-2969,jortiz360@hotmail.com,9,5,2003,Forman,5127842,O-negative,['Colombia'],0,Madrid,Raymond,760-260-4216,Kathleen,476-350-1072
36,Sharan,Rubio Copeland,385-723-6714,srubio647@hotmail.com,20,2,2004,Riverdale Country,4645404,AB-positive,['Colombia'],0,Madrid,Gregory,521-835-2242,Pamela,318-072-7152
37,Scot,Marín Murden,179-866-8616,smarn533@hotmail.com,26,4,2004,The Lawrenceville,8640549,O-positive,['Colombia'],0,Athens,Joshua,607-253-3826,Martha,954-829-0965
38,Bethanie,Sanz Brett,106-649-2463,bsanz862@hotmail.com,24,2,2004,Riverdale Country,9383544,O-negative,['Colombia'],0,Athens,Jerry,878-198-3180,Debra,977-186-7763
39,Temika,Núñez Lutes,471-507-4839,tnez664@hotmail.com,7,9,2005,Trinity,7826183,B-positive,['Colombia'],0,Athens,Dennis,899-307-2958,Amanda,276-010-4368
40,Junior,Iglesias Sosnowski,379-588-8117,jiglesias372@hotmail.com,17,11,2003,Trinity,2162342,A-positive,['Colombia'],0,Madrid,Walter,771-797-9212,Stephanie,491-212-2266
41,Lisabeth,Medina Luongo,107-667-5036,lmedina446@hotmail.com,28,10,2003,Forman,4876155,O-negative,['Colombia'],0,Athens,Patrick,607-579-9199,Carolyn,544-022-2092
42,Nora,Garrido Kapoor,772-556-8507,ngarrido135@hotmail.com,4,9,2005,Concord Academy,7547829,B-positive,['Colombia'],0,Madrid,Peter,712-261-5209,Christine,312-233-0530
43,Gail,Cortes Penn,398-331-3457,gcortes102@hotmail.com,8,11,2003,Forman,8149816,B-positive,['Colombia'],0,Dubai,Harold,957-767-1772,Marie,106-103-6533
44,Cori,Castillo Mcclaskey,324-690-0128,ccastillo561@hotmail.com,13,3,2004,The Spence,7676332,O-negative,['Colombia'],0,Dubai,Douglas,288-324-9827,Janet,256-668-3095
45,Russel,Santos Alcock,956-303-5419,rsantos139@hotmail.com,15,7,2005,The Lawrenceville,1528814,B-negative,"['Colombia', 'Italia']",0,Madrid,Henry,787-081-5337,Catherine,768-080-0473
46,Tristan,Lozano Crabtree,268-538-5972,tlozano763@hotmail.com,10,6,2003,Riverdale Country,6178377,A-negative,['Colombia'],0,Dubai,Carl,458-539-1103,Frances,972-340-0275
47,Lelia,Guerrero Ennis,893-835-6127,lguerrero250@hotmail.com,3,3,2004,The Foxcroft,4104388,O-positive,['Colombia'],0,Madrid,Arthur,967-178-4344,Ann,922-878-4942
48,Kenya,Cano Dingess,637-694-1998,kcano566@hotmail.com,14,9,2004,The Spence,2693625,O-positive,['Colombia'],0,Madrid,Ryan,255-738-9357,Joyce,148-442-5020
49,Jacalyn,Prieto Partridge,469-569-1725,jprieto252@hotmail.com,9,7,2005,The Lawrenceville,7813891,O-negative,['Colombia'],0,Athens,Roger,255-751-6225,Diane,351-609-5199
50,Annetta,Méndez Vassar,979-249-8527,amndez982@hotmail.com,17,1,2003,Riverdale Country,1147600,B-positive,['Colombia'],0,Madrid,Joe,229-314-8767,Alice,628-756-5711
51,Claudine,Cruz Oboyle,363-838-9773,ccruz202@hotmail.com,10,9,2005,The Foxcroft,5536323,A-negative,['Colombia'],0,Dubai,Juan,685-394-0512,Julie,181-852-8225
52,Nicolasa,Calvo Busbee,927-883-5853,ncalvo316@hotmail.com,6,2,2004,The Spence,3708880,O-positive,['Colombia'],0,Dubai,Jack,995-419-0603,Heather,878-268-1394
53,Dave,Gallego Transue,139-885-0700,dgallego937@hotmail.com,10,4,2004,Riverdale Country,2788905,AB-positive,['Colombia'],0,Athens,Albert,590-074-2782,Teresa,627-309-1570
54,Sheryll,Vidal Luo,622-031-0470,svidal844@hotmail.com,27,10,2003,The Foxcroft,2712575,O-positive,['Colombia'],0,Dubai,Jonathan,386-207-3822,Doris,809-320-1943
55,Lashay,León Texada,266-343-7634,llen566@hotmail.com,26,4,2003,The Spence,4078416,O-positive,['Colombia'],0,Dubai,Justin,268-479-8920,Gloria,301-444-1885
56,Georgette,Márquez Esterline,137-331-0731,gmrquez981@hotmail.com,5,1,2005,The Spence,4105370,A-positive,['Colombia'],0,Madrid,Terry,576-074-6289,Evelyn,360-467-9867
57,Carie,Herrera Seyfried,592-074-7494,cherrera446@hotmail.com,9,1,2004,Concord Academy,3569008,AB-positive,['Colombia'],0,Dubai,Gerald,989-785-6979,Jean,277-211-7488
58,Sandi,Peña Gillins,275-627-8785,spea956@hotmail.com,18,12,2004,The Lawrenceville,8203700,O-positive,['Colombia'],0,Athens,Keith,391-332-8391,Cheryl,853-394-6762
59,Marlena,Flores Cianciolo,578-061-0925,mflores552@hotmail.com,26,11,2005,The Spence,2747917,B-negative,['Colombia'],0,Dubai,Samuel,798-563-0010,Mildred,874-880-6243
60,Sue,Cabrera Krick,841-207-1914,scabrera986@hotmail.com,1,9,2004,The Foxcroft,7778480,A-positive,['Colombia'],0,Athens,Willie,257-239-0046,Katherine,257-359-1580
61,Bryan,Campos Carew,719-076-3000,bcampos281@hotmail.com,7,12,2004,The Spence,3522124,O-positive,['Colombia'],0,Athens,Ralph,888-672-2702,Joan,109-852-0057
62,Stephine,Vega Pennebaker,203-847-0202,svega695@hotmail.com,11,5,2005,The Foxcroft,2268838,B-positive,['Colombia'],0,Dubai,Lawrence,490-435-7042,Ashley,613-424-6546
63,Leandro,Fuentes Zepp,139-640-8988,lfuentes145@hotmail.com,29,11,2003,The Foxcroft,7576523,A-negative,['Colombia'],0,Athens,Nicholas,454-245-5090,Judith,990-248-4326
64,Jack,Carrasco Waltz,689-038-3184,jcarrasco400@hotmail.com,10,4,2005,Forman,4657133,O-positive,['Colombia'],0,Athens,Roy,226-642-6869,Rose,782-006-6987
65,Eura,Diez Sugarman,191-062-2305,ediez29@hotmail.com,19,11,2005,Trinity,2756705,A-negative,['Colombia'],0,Dubai,Benjamin,402-824-6870,Janice,157-632-0497
66,Adrienne,Caballero Cobos,227-646-5983,acaballero255@hotmail.com,21,2,2003,Trinity,8566661,A-negative,['Colombia'],0,Athens,Bruce,296-164-8484,Kelly,514-166-2166
67,Bryce,Reyes Roper,223-687-9336,breyes32@hotmail.com,18,9,2005,The Spence,1096702,O-positive,['Colombia'],0,Dubai,Brandon,623-318-2205,Nicole,197-100-0672
68,Denese,Nieto Lindner,906-267-6471,dnieto160@hotmail.com,6,12,2003,The Lawrenceville,6015057,AB-positive,['Colombia'],0,Dubai,Adam,412-548-8815,Judy,790-221-7631
69,Angele,Aguilar Magnusson,227-256-9010,aaguilar540@hotmail.com,26,1,2003,Riverdale Country,8503473,O-positive,['Colombia'],0,Athens,Harry,334-850-1975,Christina,116-211-7415
70,Tequila,Pascual Vernon,647-187-9398,tpascual732@hotmail.com,14,5,2005,The Spence,5558869,A-positive,['Colombia'],0,Athens,Fred,592-701-1904,Kathy,525-827-1728
71,Juliet,Santana Mchugh,246-627-2769,jsantana328@hotmail.com,10,4,2005,Trinity,6283332,B-negative,"['Colombia', 'Italia']",0,Madrid,Wayne,451-345-5197,Theresa,570-264-6120
72,Leonia,Herrero Sugrue,382-808-8670,lherrero120@hotmail.com,14,5,2004,The Lawrenceville,6666897,A-positive,['Colombia'],0,Madrid,Billy,797-041-4407,Beverly,935-573-4530
73,Gregorio,Lorenzo Waddell,677-291-3291,glorenzo406@hotmail.com,8,9,2004,The Foxcroft,5082727,A-negative,['Colombia'],0,Madrid,Steve,529-555-4613,Denise,741-680-5809
74,Bernard,Montero Laman,135-583-2095,bmontero33@hotmail.com,11,12,2005,Riverdale Country,1864987,AB-positive,"['Colombia', 'USA']",0,Athens,Louis,715-165-6533,Tammy,240-224-8365
75,Eugenia,Hidalgo Luongo,845-363-0267,ehidalgo713@hotmail.com,11,2,2005,Concord Academy,2842533,B-positive,['Colombia'],0,Athens,Jeremy,657-352-0816,Irene,860-068-3481
76,Deanna,Giménez Afanador,903-013-2867,dgimnez856@hotmail.com,23,8,2005,The Lawrenceville,8465677,A-negative,['Colombia'],0,Madrid,Aaron,577-535-3379,Jane,480-462-4819
77,Merideth,Ibáñez Hausman,572-033-5366,mibez392@hotmail.com,6,10,2004,Riverdale Country,6954215,AB-negative,"['Colombia', 'USA']",0,Madrid,Randy,751-621-7495,Lori,777-668-2237
78,Amparo,Ferrer Guyette,786-821-5956,aferrer499@hotmail.com,3,12,2005,Trinity,9284342,A-negative,['Colombia'],0,Dubai,Howard,182-559-5200,Rachel,285-842-0454
79,Margarito,Duran Bostwick,334-499-6664,mduran188@hotmail.com,18,8,2005,Forman,6836464,O-positive,['Colombia'],0,Dubai,Eugene,192-504-4282,Marilyn,791-370-0546
80,Shery,Santiago Mary,983-453-3058,ssantiago6@hotmail.com,20,1,2003,Concord Academy,7641459,A-positive,['Colombia'],0,Madrid,Carlos,365-721-0615,Andrea,106-603-1866
81,Jillian,Benítez Lenser,132-354-4981,jbentez916@hotmail.com,28,12,2005,The Spence,1706782,B-negative,['Colombia'],0,Athens,Russell,214-069-5664,Kathryn,382-049-9101
82,Elina,Mora Warriner,315-197-5146,emora180@hotmail.com,13,11,2005,Concord Academy,2831720,AB-positive,['Colombia'],0,Athens,Bobby,544-633-4860,Louise,365-673-1382
83,Aimee,Vicente Thetford,140-356-2529,avicente724@hotmail.com,14,9,2005,The Foxcroft,1137105,A-positive,['Colombia'],0,Madrid,Victor,979-169-3474,Sara,446-428-9697
84,Heriberto,Vargas Senecal,177-440-9831,hvargas807@hotmail.com,3,8,2005,Concord Academy,2486861,O-positive,['Colombia'],0,Dubai,Martin,460-681-7658,Anne,309-596-3478
85,Antonio,Arias Rosborough,789-012-0064,aarias902@hotmail.com,20,12,2005,The Foxcroft,4175242,A-positive,['Colombia'],0,Dubai,Ernest,236-440-5412,Jacqueline,251-516-0413
86,Lizabeth,Carmona Raney,539-560-1979,lcarmona38@hotmail.com,8,11,2004,Forman,3472284,AB-positive,['Colombia'],0,Athens,Phillip,310-042-3479,Wanda,126-409-2253
87,Carson,Crespo Swindell,303-804-5007,ccrespo531@hotmail.com,19,7,2003,The Lawrenceville,2668346,O-positive,['Colombia'],0,Dubai,Todd,941-375-3143,Bonnie,899-214-6241
88,Shella,Román Fullenwider,184-674-5036,sromn254@hotmail.com,18,1,2003,Trinity,5913072,O-positive,"['Colombia', 'Italia']",0,Dubai,Jesse,621-474-1803,Julia,436-397-2159
89,Bonita,Pastor Hoeft,943-152-2740,bpastor750@hotmail.com,23,7,2004,The Spence,6910654,O-positive,['Colombia'],0,Dubai,Craig,801-399-3934,Ruby,423-219-1096
90,Jerri,Soto Cordero,222-808-9851,jsoto267@hotmail.com,30,8,2004,Forman,5401466,O-negative,['Colombia'],0,Dubai,Alan,322-063-8824,Lois,202-294-7240
91,Berniece,Sáez Brocious,977-290-0954,bsez776@hotmail.com,24,2,2005,Trinity,2443024,O-negative,['Colombia'],0,Madrid,Shawn,232-298-2569,Tina,311-187-3992
92,Francisco,Velasco Packer,180-257-0972,fvelasco555@hotmail.com,11,1,2005,The Lawrenceville,9311167,B-positive,['Colombia'],0,Athens,Clarence,624-087-7142,Phyllis,302-409-4031
93,Nell,Moya Niday,442-081-0996,nmoya589@hotmail.com,27,6,2003,Trinity,4389472,B-negative,['Colombia'],0,Athens,Sean,101-020-2035,Norma,981-134-6763
94,Edward,Soler Parkin,127-687-6779,esoler806@hotmail.com,27,6,2004,Forman,5183479,O-positive,['Colombia'],0,Dubai,Philip,714-356-2639,Paula,911-451-6846
95,Aracelis,Parra Doom,448-750-6876,aparra736@hotmail.com,27,4,2003,Forman,3335297,AB-positive,['Colombia'],0,Dubai,Chris,448-238-8808,Diana,807-309-9780
96,Marchelle,Esteban Harriott,948-061-5233,mesteban36@hotmail.com,2,9,2004,The Foxcroft,9186758,AB-positive,['Colombia'],0,Athens,Johnny,923-141-2913,Annie,540-232-7424
97,Chan,Bravo Mckeown,523-679-1712,cbravo665@hotmail.com,7,9,2003,Riverdale Country,2775875,AB-positive,['Colombia'],0,Dubai,Earl,460-364-5563,Lillian,419-319-7518
98,China,Gallardo Combest,912-441-3187,cgallardo338@hotmail.com,12,9,2004,The Spence,7256382,AB-negative,['Colombia'],0,Athens,Jimmy,343-886-6403,Emily,634-118-6054
99,Rosette,Rojas Weatherby,617-123-3231,rrojas830@hotmail.com,29,4,2004,Forman,5837490,AB-positive,['Colombia'],0,Madrid,Antonio,560-821-8715,Robin,940-201-1624
100,Cherrie,Diaz Casagrande,767-257-1144,cdiaz220@hotmail.com,18,5,2005,Trinity,4707571,AB-negative,['Colombia'],0,Madrid,Danny,726-355-6559,Peggy,855-335-3233
